{"HD221639": 1.0866, "HD47752": 1.1737, "HD127506": 1.2107, "EPIC211928486": 1.2728, "HD266611": 1.6655, "HD50692": 0.7348, "HD86728": 0.6991999999999999, "HD209290": 1.8194000000000001, "HD145742": 1.1766, "HD87884": 1.0005, "HD38230": 0.9594, "HD5857": 1.0898999999999999, "HD145675": 0.8803999999999998, "HD200560": 1.0852, "HD134319": 0.8339, "EKDra": 0.808, "HD210277": 0.755, "HD148467": 1.3881000000000001, "51Peg": 0.7413, "HD67767": 0.9891, "HD82106": 1.135, "HD98230": 3.2128, "HD45088": 1.2134, "HD178126": 1.3192000000000002, "HD73667": 0.9796000000000001, "HD129333": 0.808, "HD39587": 0.7368, "GJ702B": 1.0, "HD110833": 1.0656999999999999, "EPIC211966629": 1.0125, "HATP11": 1.1152, "HD122120": 1.3303, "HD79555": 1.0833, "HD113827": 1.3679999999999999, "HD182488": 0.9226, "HD68017": 0.8497, "HD10697": 0.8701, "HD89744": 0.6919, "HD6497": 1.2015, "HD222107": 1.3037, "HD220182": 0.9654, "GJ4099": 2.1969, "HD42250": 0.8764, "GJ705": 1.2553, "HD41593": 0.9643, "EQVir": 1.404, "HD34411": 0.6427, "HD14039": 0.9453, "HD151288": 1.3753, "GJ9781A": 1.3733, "HD175742": 1.213, "HD149957": 1.3211, "HD62613": 0.8956999999999999}